Feature,Corr_With_Class,Abs_Corr,Mean_Legitimate,Mean_Fraud,Mean_Difference,Std_Mean_Difference,Rank,Direction
V17,-0.3134982729556793,0.3134982729556793,0.010963389701460642,-6.463285283202743,-6.474248672904204,-7.68450138470792,1,Lower in fraud
V14,-0.29337538479004244,0.29337538479004244,0.01166798393169459,-6.835946034242057,-6.8476140181737515,-7.1912471140691805,2,Lower in fraud
V12,-0.25071117720572017,0.25071117720572017,0.009475752444318761,-6.103254016904439,-6.112729769348758,-6.145457741234424,3,Lower in fraud
V10,-0.20697123823505903,0.20697123823505903,0.007663225565805398,-5.453274110501309,-5.460937336067114,-5.073299931820853,4,Lower in fraud
V16,-0.18718605284536083,0.18718605284536083,0.007845091011250983,-4.000956270761194,-4.008801361772445,-4.588323465793228,5,Lower in fraud
V3,-0.18232224748340453,0.18232224748340453,0.012853470958343287,-6.729598957711674,-6.742452428670017,-4.4691013766679974,6,Lower in fraud
V7,-0.17234653244006812,0.17234653244006812,0.010446877877581804,-5.175912109207488,-5.18635898708507,-4.224575640238013,7,Lower in fraud
V11,0.14906710367009615,0.14906710367009615,-0.0060037777514831475,3.7163466122536013,3.7223503900050843,3.653947926945048,8,Higher in fraud
V4,0.12932583072677128,0.12932583072677128,-0.01043997477432988,4.472591015834153,4.483030990608483,3.1700478472455864,9,Higher in fraud
V18,-0.10533971521707305,0.10533971521707305,0.00511975696589725,-2.157070884519879,-2.1621906414857763,-2.5820977570896644,10,Lower in fraud
V1,-0.09448583378656274,0.09448583378656274,0.013438642328427702,-4.498280129044758,-4.511718771373186,-2.3160463173294437,11,Lower in fraud
V9,-0.09402128731255407,0.09402128731255407,0.0026127927645032867,-2.5221241496636746,-2.524736942428178,-2.3046593071582118,12,Lower in fraud
V5,-0.08781244297489552,0.08781244297489552,0.006768791107379398,-2.957196758790482,-2.9639655498978614,-2.152467486577104,13,Lower in fraud
V2,0.08462444869117351,0.08462444869117351,-0.00982923029899432,3.405964681895525,3.4157939121945193,2.074323048150864,14,Higher in fraud
V6,-0.043915409238085734,0.043915409238085734,0.0012507494109571984,-1.432517862629184,-1.4337686120401412,-1.0764589543617595,15,Lower in fraud
V19,0.033631154442230346,0.033631154442230346,-0.0013820968751123576,0.6691429926717859,0.6705250895468983,0.8243702603017933,16,Higher in fraud
V8,0.03306802333281736,0.03306802333281736,-0.0024477051694095377,0.9532545908983874,0.9557022960677969,0.8105667335733817,17,Higher in fraud
V21,0.026357438897066807,0.026357438897066807,-0.0011502974611994946,0.46655032190048024,0.4677006193616797,0.6460762089445421,18,Higher in fraud
V27,0.02189211330695945,0.02189211330695945,0.0014089980496590944,0.21377375073690713,0.21236475268724803,0.5366216963029136,19,Higher in fraud
V20,0.02148634032100875,0.02148634032100875,-0.0004888872308814536,0.40504283092810434,0.4055317181589858,0.5266753478174445,20,Higher in fraud
V28,0.009682426330025314,0.009682426330025314,0.0004175237199840078,0.07827024722452902,0.07785272350454502,0.23733661381583385,21,Higher in fraud
V24,-0.007210125120706586,0.007210125120706586,0.00039264606195942497,-0.10664298008218374,-0.10703562614414316,-0.17673531643927226,22,Lower in fraud
V23,-0.006333210643022919,0.006333210643022919,0.00035958571960008356,-0.09646415866751903,-0.09682374438711912,-0.15524030004093878,23,Lower in fraud
V22,0.0048872321638307415,0.0048872321638307415,-0.00015972943728442254,0.0866387566862272,0.08679848612351163,0.11979632926288772,24,Higher in fraud
V26,0.004264576791248341,0.004264576791248341,6.543452392416105e-05,0.05045623023325889,0.050390795709334725,0.1045337377733325,25,Higher in fraud
V13,-0.003896955111430142,0.003896955111430142,0.0007618937663728485,-0.09432409141080232,-0.09508598517717518,-0.09552255796369932,26,Lower in fraud
V15,-0.0032995578711372373,0.0032995578711372373,0.001166196499072091,-0.07282957384768347,-0.07399577034675557,-0.08087909636830176,27,Lower in fraud
V25,0.003202493530110167,0.003202493530110167,-0.0003005976324783042,0.04061511665754739,0.0409157142900257,0.07849984542061597,28,Higher in fraud
