Rank,Time,Time_Hours,Time_Period,Amount,Amount_Band,Class,V17,V14,V12
1,122608.0,34.05777777777778,30 to 36 hrs,2125.87,500+,1,0.0933209955444861,1.0752476539262,-0.220718797789479
2,9064.0,2.517777777777778,0 to 6 hrs,1809.68,500+,1,-5.1361351026702,-3.73802333366749,-6.9980424321007
3,154278.0,42.855,42 to 48 hrs,1504.93,500+,1,-2.08406707082134,-6.1061832734711,-3.80546898374331
4,62467.0,17.351944444444445,12 to 18 hrs,1402.16,500+,1,-10.0756455907271,-6.04339314434942,-6.11638322304304
5,59011.0,16.391944444444444,12 to 18 hrs,1389.56,500+,1,-4.46049463214891,-5.58687312563725,-2.71873063246571
6,65385.0,18.1625,18 to 24 hrs,1354.25,500+,1,-4.18680753704806,-4.85777667212588,-3.70174966668488
7,133184.0,36.995555555555555,36 to 42 hrs,1335.0,500+,1,-3.16695515760391,-4.79973713485762,-2.84444933585435
8,18088.0,5.024444444444445,0 to 6 hrs,1218.89,500+,1,-17.5066115481045,-10.140200337183,-13.1049334662012
9,154309.0,42.86361111111111,42 to 48 hrs,1096.99,500+,1,-0.0524194348357059,0.984993219111346,0.979674835308759
10,147501.0,40.9725,36 to 42 hrs,996.27,500+,1,-4.81586301103402,-1.80810297319338,-3.25970246526323
11,134769.0,37.435833333333335,36 to 42 hrs,925.31,500+,1,-2.42153561881163,-5.25425346321937,-3.47486296690245
12,87883.0,24.411944444444444,24 to 30 hrs,829.41,500+,1,-2.04385766822656,-1.01691553500414,-0.863430853145281
13,70536.0,19.593333333333334,18 to 24 hrs,824.83,500+,1,-3.82052232662867,-5.19918574342056,-2.22739840581069
14,41743.0,11.595277777777778,6 to 12 hrs,802.52,500+,1,-4.67466711122835,-4.55566674751092,-2.87240010922107
15,39729.0,11.035833333333333,6 to 12 hrs,776.83,500+,1,2.49832484974359,-1.95887596969497,-0.490697387341298
16,17838.0,4.955,0 to 6 hrs,766.36,500+,1,-18.3888105354245,-11.8521613037824,-15.0941631493865
17,28242.0,7.845,6 to 12 hrs,730.86,500+,1,-5.84121800175148,-3.18216808481143,-3.83478156926117
18,138942.0,38.595,36 to 42 hrs,727.91,500+,1,-5.5220880540876,-7.13215063894307,-5.69407428254804
19,131024.0,36.39555555555555,36 to 42 hrs,723.21,500+,1,1.1657365409567,-2.30664478783159,-0.0543808429292316
20,139951.0,38.875277777777775,36 to 42 hrs,723.21,500+,1,-5.70117436362661,-7.67225031168781,-5.29231414644205
